Wall time,Step,Value
1626944032.2700338,0,22.711111068725586
1626944308.652322,1,44.377777099609375
1626944585.6980221,2,63.06666564941406
1626944862.4842472,3,71.31111145019531
1626945139.522529,4,75.84444427490234
1626945416.7182357,5,78.04444122314453
1626945693.7370818,6,79.35555267333984
1626945971.2693703,7,81.75555419921875
1626946248.376756,8,82.93333435058594
1626946525.4480367,9,84.93333435058594
1626946802.3006477,10,86.53333282470703
1626947079.3244853,11,86.97777557373047
1626947356.4049256,12,88.73332977294922
1626947633.703309,13,88.97777557373047
1626947910.3704662,14,90.31111145019531
1626948187.574899,15,90.22222137451172
1626948464.03738,16,90.35555267333984
1626948741.2876692,17,91.5999984741211
1626949018.4191191,18,91.22222137451172
1626949295.1830957,19,91.13333129882812
