Wall time,Step,Value
1626941451.2158976,0,53.60555648803711
1626941569.369445,1,55.36111068725586
1626941687.687809,2,57.588890075683594
1626941805.8059359,3,58.99444580078125
1626941924.273442,4,61.2055549621582
1626942042.3400812,5,61.261112213134766
1626942160.5448108,6,63.022220611572266
1626942278.830244,7,63.63888931274414
1626942397.3428998,8,64.3388900756836
1626942515.5279715,9,64.76667022705078
1626942633.838236,10,65.9000015258789
1626942752.1248026,11,66.00555419921875
1626942870.4472132,12,67.03333282470703
1626942988.928495,13,66.95555877685547
1626943107.13762,14,67.43888854980469
1626943225.265388,15,67.98332977294922
1626943343.437729,16,67.82777404785156
1626943461.9280066,17,68.11666870117188
1626943580.0494878,18,67.97222137451172
1626943698.1546786,19,68.17222595214844
