Wall time,Step,Value
1626941445.4270287,0,46.41329574584961
1626941563.4557388,1,54.912479400634766
1626941681.688106,2,57.15239334106445
1626941800.0220656,3,58.586952209472656
1626941918.2104604,4,59.79652786254883
1626942036.5423608,5,60.91957473754883
1626942154.578919,6,62.28305435180664
1626942272.9025273,7,63.10818862915039
1626942391.2372153,8,63.88264083862305
1626942509.6660318,9,64.68181610107422
1626942627.7970018,10,65.28196716308594
1626942746.139934,11,65.7597427368164
1626942864.3784661,12,66.17137908935547
1626942982.8183646,13,66.74495697021484
1626943101.346669,14,67.15906524658203
1626943219.484025,15,67.53424072265625
1626943337.6145475,16,67.90879821777344
1626943455.84981,17,68.1739501953125
1626943574.018281,18,68.17827606201172
1626943692.2023256,19,68.30807495117188
